{
  "schemaVersion": 2,
  "configProperties": {
    "name": "Administrateurs"
  },
  "categories": [
    {
      "id": "fb98ac80-f06d-4de7-bbf9-d0f77236838f",
      "name": "Informations",
      "position": 2
    },
    {
      "id": "ea357537-00b6-4fdc-b00a-db1ec42e1b7b",
      "name": "Médias",
      "position": 2
    },
    {
      "id": "fafbbbc9-6647-458d-9e3b-1225ba518028",
      "name": "Gestion des Médias",
      "position": 3
    },
    {
      "id": "2e4de72e-8bb8-4293-ad77-716b8dff61fd",
      "name": "Téléchargements",
      "position": 5
    },
    {
      "id": "e6e32b3b-e479-43e8-aead-e3f049c43340",
      "name": "Administration",
      "position": 6,
      "type": "category"
    }
  ],
  "wrappers": [
    {
      "id": "default",
      "position": 0
    },
    {
      "id": "d6737175-0408-4912-ab80-4c912acbc86f",
      "position": 2
    },
    {
      "id": "bf54fe34-085c-4794-bcbf-9a1051e75592",
      "position": 2
    },
    {
      "id": "a6e8acb1-28f9-4bcd-8425-9b15fbe5d59e",
      "position": 3
    },
    {
      "id": "7dc95772-f029-4749-8fca-08c2708d65c4",
      "position": 4
    },
    {
      "id": "9c361c77-0f86-46ad-9423-7c03cd7185d5",
      "position": 6
    }
  ],
  "apps": [
    {
      "id": "2b30d08a-ebab-4bc9-aa18-1f573695e0b0",
      "name": "Maintainerr",
      "url": "https://maintainerr.eurekaspeednas.net",
      "appearance": {
        "iconUrl": "https://github.com/jorenn92/Maintainerr/raw/main/ui/public/logo_black.svg?raw=true",
        "appNameStatus": "normal",
        "positionAppName": "column",
        "lineClampAppName": 1,
        "appNameFontSize": 16
      },
      "network": {
        "enabledStatusChecker": true,
        "statusCodes": [
          "200",
          "301",
          "302",
          "304",
          "307",
          "308"
        ]
      },
      "behaviour": {
        "isOpeningNewTab": true,
        "externalUrl": "https://maintainerr.eurekaspeednas.net/"
      },
      "area": {
        "type": "category",
        "properties": {
          "id": "e6e32b3b-e479-43e8-aead-e3f049c43340"
        }
      },
      "shape": {
        "md": {
          "location": {
            "x": 0,
            "y": 1
          },
          "size": {
            "width": 2,
            "height": 1
          }
        },
        "lg": {
          "location": {
            "x": 3,
            "y": 0
          },
          "size": {
            "width": 1,
            "height": 1
          }
        },
        "sm": {
          "location": {
            "x": 0,
            "y": 0
          },
          "size": {
            "width": 1,
            "height": 1
          }
        }
      },
      "integration": {
        "type": null,
        "properties": []
      }
    },
    {
      "id": "6f983eda-fccd-495c-a34d-f19bc0e80849",
      "name": "Wizarr",
      "url": "https://eurekainvite.eurekaspeednas.net",
      "appearance": {
        "iconUrl": "https://cdn.jsdelivr.net/gh/walkxcode/dashboard-icons/png/wizarr.png",
        "appNameStatus": "normal",
        "positionAppName": "column",
        "lineClampAppName": 1,
        "appNameFontSize": 16
      },
      "network": {
        "enabledStatusChecker": true,
        "statusCodes": [
          "200",
          "301",
          "302",
          "304",
          "307",
          "308"
        ]
      },
      "behaviour": {
        "isOpeningNewTab": true,
        "externalUrl": "https://eurekainvite.eurekaspeednas.net"
      },
      "area": {
        "type": "category",
        "properties": {
          "id": "e6e32b3b-e479-43e8-aead-e3f049c43340"
        }
      },
      "shape": {
        "lg": {
          "location": {
            "x": 2,
            "y": 0
          },
          "size": {
            "width": 1,
            "height": 1
          }
        },
        "md": {
          "location": {
            "x": 0,
            "y": 2
          },
          "size": {
            "width": 5,
            "height": 1
          }
        },
        "sm": {
          "location": {
            "x": 1,
            "y": 1
          },
          "size": {
            "width": 2,
            "height": 1
          }
        }
      },
      "integration": {
        "type": null,
        "properties": []
      }
    },
    {
      "id": "f1d0e518-d0e4-4ff0-a899-0feed41afb88",
      "name": "Overseerr(Portail des demandes)",
      "url": "https://overseerr.eurekaspeednas.net",
      "appearance": {
        "iconUrl": "https://cdn.jsdelivr.net/gh/walkxcode/dashboard-icons/svg/overseerr.svg",
        "appNameStatus": "normal",
        "positionAppName": "column",
        "lineClampAppName": 1,
        "appNameFontSize": 16
      },
      "network": {
        "enabledStatusChecker": true,
        "statusCodes": [
          "200",
          "301",
          "302",
          "304",
          "307",
          "308"
        ]
      },
      "behaviour": {
        "isOpeningNewTab": false,
        "externalUrl": "https://overseerr.eurekaspeednas.net/"
      },
      "area": {
        "type": "category",
        "properties": {
          "id": "ea357537-00b6-4fdc-b00a-db1ec42e1b7b"
        }
      },
      "shape": {
        "md": {
          "location": {
            "x": 3,
            "y": 0
          },
          "size": {
            "width": 2,
            "height": 1
          }
        },
        "lg": {
          "location": {
            "x": 0,
            "y": 1
          },
          "size": {
            "width": 7,
            "height": 1
          }
        },
        "sm": {
          "location": {
            "x": 0,
            "y": 1
          },
          "size": {
            "width": 3,
            "height": 1
          }
        }
      },
      "integration": {
        "type": "overseerr",
        "properties": [
          {
            "field": "apiKey",
            "type": "private",
            "value": null,
            "isDefined": true
          }
        ]
      }
    },
    {
      "id": "efd38e8b-992d-45a2-99c2-f603ac0a83f9",
      "name": "Prowlarr (Gestion des Indexers)",
      "url": "https://prowlarr.eurekaspeednas.net",
      "appearance": {
        "iconUrl": "https://cdn.jsdelivr.net/gh/walkxcode/dashboard-icons/svg/prowlarr.svg",
        "appNameStatus": "normal",
        "positionAppName": "column",
        "lineClampAppName": 1,
        "appNameFontSize": 16
      },
      "network": {
        "enabledStatusChecker": true,
        "statusCodes": [
          "200",
          "301",
          "302",
          "304",
          "307",
          "308"
        ]
      },
      "behaviour": {
        "isOpeningNewTab": true,
        "externalUrl": "https://prowlarr.eurekaspeednas.net"
      },
      "area": {
        "type": "category",
        "properties": {
          "id": "fafbbbc9-6647-458d-9e3b-1225ba518028"
        }
      },
      "shape": {
        "md": {
          "location": {
            "x": 0,
            "y": 0
          },
          "size": {
            "width": 2,
            "height": 1
          }
        },
        "lg": {
          "location": {
            "x": 0,
            "y": 1
          },
          "size": {
            "width": 7,
            "height": 1
          }
        },
        "sm": {
          "location": {
            "x": 0,
            "y": 0
          },
          "size": {
            "width": 1,
            "height": 1
          }
        }
      },
      "integration": {
        "type": "prowlarr",
        "properties": [
          {
            "field": "apiKey",
            "type": "private",
            "value": null,
            "isDefined": true
          }
        ]
      }
    },
    {
      "id": "2aae83c4-2124-40c4-a351-6ce94a59e428",
      "name": "Portainer",
      "url": "https://portainerr.eurekaspeednas.net",
      "appearance": {
        "iconUrl": "https://cdn.jsdelivr.net/gh/walkxcode/dashboard-icons/svg/portainer.svg",
        "appNameStatus": "normal",
        "positionAppName": "column",
        "lineClampAppName": 1,
        "appNameFontSize": 16
      },
      "network": {
        "enabledStatusChecker": true,
        "statusCodes": [
          "200"
        ]
      },
      "behaviour": {
        "isOpeningNewTab": true,
        "externalUrl": "https://portainerr.eurekaspeednas.net/"
      },
      "area": {
        "type": "category",
        "properties": {
          "id": "e6e32b3b-e479-43e8-aead-e3f049c43340"
        }
      },
      "shape": {
        "lg": {
          "location": {
            "x": 4,
            "y": 0
          },
          "size": {
            "width": 1,
            "height": 1
          }
        },
        "md": {
          "location": {
            "x": 2,
            "y": 0
          },
          "size": {
            "width": 3,
            "height": 1
          }
        },
        "sm": {
          "location": {
            "x": 2,
            "y": 0
          },
          "size": {
            "width": 1,
            "height": 1
          }
        }
      },
      "integration": {
        "type": null,
        "properties": []
      }
    },
    {
      "id": "297e2f6c-eb56-4168-8abc-28ca6138872b",
      "name": "Tautulli(Statistiques)",
      "url": "https://tautulli.eurekaspeednas.net",
      "appearance": {
        "iconUrl": "https://cdn.jsdelivr.net/gh/walkxcode/dashboard-icons/svg/tautulli.svg",
        "appNameStatus": "normal",
        "positionAppName": "column",
        "lineClampAppName": 1,
        "appNameFontSize": 16
      },
      "network": {
        "enabledStatusChecker": true,
        "statusCodes": [
          "200",
          "301",
          "302",
          "304",
          "307",
          "308"
        ]
      },
      "behaviour": {
        "isOpeningNewTab": true,
        "externalUrl": "https://tautulli.eurekaspeednas.net"
      },
      "area": {
        "type": "category",
        "properties": {
          "id": "ea357537-00b6-4fdc-b00a-db1ec42e1b7b"
        }
      },
      "shape": {
        "md": {
          "location": {
            "x": 0,
            "y": 0
          },
          "size": {
            "width": 3,
            "height": 1
          }
        },
        "sm": {
          "location": {
            "x": 0,
            "y": 0
          },
          "size": {
            "width": 3,
            "height": 1
          }
        },
        "lg": {
          "location": {
            "x": 0,
            "y": 0
          },
          "size": {
            "width": 7,
            "height": 1
          }
        }
      },
      "integration": {
        "type": null,
        "properties": []
      }
    },
    {
      "id": "4ea18bbf-913e-43cc-ab48-7c9bc70b22d6",
      "name": "Radarr",
      "url": "https://radarr.eurekaspeednas.net",
      "appearance": {
        "iconUrl": "https://cdn.jsdelivr.net/gh/walkxcode/dashboard-icons/svg/radarr.svg",
        "appNameStatus": "normal",
        "positionAppName": "column",
        "lineClampAppName": 1,
        "appNameFontSize": 16
      },
      "network": {
        "enabledStatusChecker": true,
        "statusCodes": [
          "200",
          "301",
          "302",
          "304",
          "307",
          "308"
        ]
      },
      "behaviour": {
        "isOpeningNewTab": true,
        "externalUrl": "https://radarr.eurekaspeednas.net",
        "tooltipDescription": "Gestion des Films/Films d'animations"
      },
      "area": {
        "type": "category",
        "properties": {
          "id": "fafbbbc9-6647-458d-9e3b-1225ba518028"
        }
      },
      "shape": {
        "md": {
          "location": {
            "x": 0,
            "y": 1
          },
          "size": {
            "width": 5,
            "height": 1
          }
        },
        "lg": {
          "location": {
            "x": 0,
            "y": 2
          },
          "size": {
            "width": 7,
            "height": 1
          }
        },
        "sm": {
          "location": {
            "x": 2,
            "y": 0
          },
          "size": {
            "width": 1,
            "height": 1
          }
        }
      },
      "integration": {
        "type": "radarr",
        "properties": [
          {
            "field": "apiKey",
            "type": "private",
            "value": null,
            "isDefined": true
          }
        ]
      }
    },
    {
      "id": "8996fd1a-95dc-4bc3-9836-f8e58499408e",
      "name": "Truenas",
      "url": "https://truenas.eurekaspeednas.net",
      "appearance": {
        "iconUrl": "https://cdn.jsdelivr.net/gh/walkxcode/dashboard-icons/png/truenas-scale.png",
        "appNameStatus": "normal",
        "positionAppName": "column",
        "lineClampAppName": 1,
        "appNameFontSize": 16
      },
      "network": {
        "enabledStatusChecker": true,
        "statusCodes": [
          "200"
        ]
      },
      "behaviour": {
        "isOpeningNewTab": true,
        "externalUrl": "https://truenas.eurekaspeednas.net"
      },
      "area": {
        "type": "category",
        "properties": {
          "id": "e6e32b3b-e479-43e8-aead-e3f049c43340"
        }
      },
      "shape": {
        "md": {
          "location": {
            "x": 2,
            "y": 1
          },
          "size": {
            "width": 3,
            "height": 1
          }
        },
        "lg": {
          "location": {
            "x": 1,
            "y": 0
          },
          "size": {
            "width": 1,
            "height": 1
          }
        },
        "sm": {
          "location": {
            "x": 0,
            "y": 1
          },
          "size": {
            "width": 1,
            "height": 1
          }
        }
      },
      "integration": {
        "type": null,
        "properties": []
      }
    },
    {
      "id": "a48e4f50-84d8-49f4-b6d7-3e6be7b02227",
      "name": "Plex",
      "url": "https://app.plex.tv/desktop",
      "appearance": {
        "iconUrl": "https://cdn.jsdelivr.net/gh/walkxcode/dashboard-icons/svg/plex-alt.svg",
        "appNameStatus": "normal",
        "positionAppName": "column",
        "lineClampAppName": 1,
        "appNameFontSize": 16
      },
      "network": {
        "enabledStatusChecker": true,
        "statusCodes": [
          "200"
        ]
      },
      "behaviour": {
        "isOpeningNewTab": true,
        "externalUrl": "https://app.plex.tv/desktop",
        "tooltipDescription": "Serveur Plex"
      },
      "area": {
        "type": "category",
        "properties": {
          "id": "ea357537-00b6-4fdc-b00a-db1ec42e1b7b"
        }
      },
      "shape": {
        "md": {
          "location": {
            "x": 0,
            "y": 1
          },
          "size": {
            "width": 5,
            "height": 1
          }
        },
        "lg": {
          "location": {
            "x": 0,
            "y": 2
          },
          "size": {
            "width": 7,
            "height": 1
          }
        },
        "sm": {
          "location": {
            "x": 0,
            "y": 2
          },
          "size": {
            "width": 3,
            "height": 1
          }
        }
      },
      "integration": {
        "type": "plex",
        "properties": [
          {
            "field": "apiKey",
            "type": "private",
            "value": null,
            "isDefined": true
          }
        ]
      }
    },
    {
      "id": "19a9d2b0-c253-42b7-b66f-ad01b9da542b",
      "name": "Sonarr",
      "url": "https://sonarr.eurekaspeednas.net",
      "appearance": {
        "iconUrl": "https://cdn.jsdelivr.net/gh/walkxcode/dashboard-icons/svg/sonarr.svg",
        "appNameStatus": "normal",
        "positionAppName": "column",
        "lineClampAppName": 1,
        "appNameFontSize": 16
      },
      "network": {
        "enabledStatusChecker": true,
        "statusCodes": [
          "200",
          "301",
          "302",
          "304",
          "307",
          "308"
        ]
      },
      "behaviour": {
        "isOpeningNewTab": true,
        "externalUrl": "https://sonarr.eurekaspeednas.net"
      },
      "area": {
        "type": "category",
        "properties": {
          "id": "fafbbbc9-6647-458d-9e3b-1225ba518028"
        }
      },
      "shape": {
        "md": {
          "location": {
            "x": 2,
            "y": 0
          },
          "size": {
            "width": 3,
            "height": 1
          }
        },
        "lg": {
          "location": {
            "x": 0,
            "y": 0
          },
          "size": {
            "width": 7,
            "height": 1
          }
        },
        "sm": {
          "location": {
            "x": 1,
            "y": 0
          },
          "size": {
            "width": 1,
            "height": 1
          }
        }
      },
      "integration": {
        "type": "sonarr",
        "properties": [
          {
            "field": "apiKey",
            "type": "private",
            "value": null,
            "isDefined": true
          }
        ]
      }
    },
    {
      "id": "c2742024-d3dc-4e46-bdd8-84fc3bc1e2a1",
      "name": "Qbittorent",
      "url": "https://downloads.eurekaspeednas.net",
      "appearance": {
        "iconUrl": "https://cdn.jsdelivr.net/gh/walkxcode/dashboard-icons/svg/qbittorrent.svg",
        "appNameStatus": "normal",
        "positionAppName": "column",
        "lineClampAppName": 1,
        "appNameFontSize": 16
      },
      "network": {
        "enabledStatusChecker": true,
        "statusCodes": [
          "200",
          "301",
          "302",
          "304",
          "307",
          "308"
        ]
      },
      "behaviour": {
        "isOpeningNewTab": true,
        "externalUrl": "https://downloads.eurekaspeednas.net/"
      },
      "area": {
        "type": "category",
        "properties": {
          "id": "2e4de72e-8bb8-4293-ad77-716b8dff61fd"
        }
      },
      "shape": {
        "md": {
          "location": {
            "x": 0,
            "y": 2
          },
          "size": {
            "width": 5,
            "height": 1
          }
        },
        "lg": {
          "location": {
            "x": 2,
            "y": 0
          },
          "size": {
            "width": 1,
            "height": 1
          }
        },
        "sm": {
          "location": {
            "x": 0,
            "y": 2
          },
          "size": {
            "width": 3,
            "height": 1
          }
        }
      },
      "integration": {
        "type": "qBittorrent",
        "properties": [
          {
            "field": "username",
            "type": "public",
            "value": "admin",
            "isDefined": true
          },
          {
            "field": "password",
            "type": "private",
            "value": null,
            "isDefined": true
          }
        ]
      }
    },
    {
      "id": "504e23d7-4632-4c2d-8159-e31a04805cd5",
      "name": "Dashboard Homarr",
      "url": "https://orgeureka.eurekaspeednas.net",
      "appearance": {
        "iconUrl": "https://cdn.jsdelivr.net/gh/walkxcode/dashboard-icons/svg/homarr.svg",
        "appNameStatus": "normal",
        "positionAppName": "column",
        "lineClampAppName": 1,
        "appNameFontSize": 16
      },
      "network": {
        "enabledStatusChecker": true,
        "statusCodes": [
          "200",
          "301",
          "302",
          "304",
          "307",
          "308"
        ]
      },
      "behaviour": {
        "isOpeningNewTab": true,
        "externalUrl": "https://orgeureka.eurekaspeednas.net"
      },
      "area": {
        "type": "category",
        "properties": {
          "id": "e6e32b3b-e479-43e8-aead-e3f049c43340"
        }
      },
      "shape": {
        "lg": {
          "location": {
            "x": 0,
            "y": 0
          },
          "size": {
            "width": 1,
            "height": 1
          }
        },
        "md": {
          "location": {
            "x": 0,
            "y": 0
          },
          "size": {
            "width": 2,
            "height": 1
          }
        },
        "sm": {
          "location": {
            "x": 1,
            "y": 0
          },
          "size": {
            "width": 1,
            "height": 1
          }
        }
      },
      "integration": {
        "type": null,
        "properties": []
      }
    }
  ],
  "widgets": [
    {
      "id": "a3704dce-3834-4acd-b3f4-9b57100d9a89",
      "type": "media-requests-list",
      "properties": {
        "replaceLinksWithExternalHost": true,
        "openInNewTab": true
      },
      "area": {
        "type": "category",
        "properties": {
          "id": "2e4de72e-8bb8-4293-ad77-716b8dff61fd"
        }
      },
      "shape": {
        "sm": {
          "location": {
            "x": 0,
            "y": 245
          },
          "size": {
            "width": 3,
            "height": 2
          }
        },
        "md": {
          "location": {
            "x": 0,
            "y": 0
          },
          "size": {
            "width": 5,
            "height": 2
          }
        },
        "lg": {
          "location": {
            "x": 0,
            "y": 4
          },
          "size": {
            "width": 7,
            "height": 4
          }
        }
      }
    },
    {
      "id": "1e25ce43-3166-44a7-88dc-d9bc61436e97",
      "type": "dashdot",
      "properties": {
        "dashName": "Informations_",
        "url": "https://eurekadash.eurekaspeednas.net/",
        "usePercentages": true,
        "columns": 3,
        "graphHeight": 115,
        "graphsOrder": [
          {
            "key": "cpu",
            "subValues": {
              "enabled": true,
              "multiView": true,
              "span": 1
            }
          },
          {
            "key": "ram",
            "subValues": {
              "enabled": true,
              "span": 1
            }
          },
          {
            "key": "network",
            "subValues": {
              "enabled": true,
              "compactView": false,
              "span": 1
            }
          },
          {
            "key": "storage",
            "subValues": {
              "enabled": true,
              "compactView": false,
              "span": 1,
              "multiView": true
            }
          },
          {
            "key": "gpu",
            "subValues": {
              "enabled": false,
              "span": 1
            }
          }
        ]
      },
      "area": {
        "type": "wrapper",
        "properties": {
          "id": "default"
        }
      },
      "shape": {
        "sm": {
          "location": {
            "x": 0,
            "y": 3
          },
          "size": {
            "width": 3,
            "height": 3
          }
        },
        "md": {
          "location": {
            "x": 0,
            "y": 0
          },
          "size": {
            "width": 5,
            "height": 2
          }
        },
        "lg": {
          "location": {
            "x": 0,
            "y": 6
          },
          "size": {
            "width": 7,
            "height": 2
          }
        }
      }
    },
    {
      "id": "8b813086-2d81-4806-8d0b-e1039489c838",
      "type": "date",
      "properties": {
        "timezone": "Europe/Paris",
        "customTitle": "Villeneuve d'ascq",
        "display24HourFormat": true,
        "dateFormat": "dddd, MMMM D",
        "titleState": "both"
      },
      "area": {
        "type": "sidebar",
        "properties": {
          "location": "left"
        }
      },
      "shape": {
        "sm": {
          "location": {
            "x": 0,
            "y": 0
          },
          "size": {
            "width": 2,
            "height": 1
          }
        },
        "md": {
          "location": {
            "x": 0,
            "y": 0
          },
          "size": {
            "width": 2,
            "height": 1
          }
        },
        "lg": {
          "location": {
            "x": 0,
            "y": 4
          },
          "size": {
            "width": 2,
            "height": 1
          }
        }
      }
    },
    {
      "id": "b11da70f-e726-41fe-8d47-52a8f58c14d6",
      "type": "calendar",
      "properties": {
        "hideWeekDays": true,
        "showUnmonitored": true,
        "radarrReleaseType": "inCinemas",
        "fontSize": "xs"
      },
      "area": {
        "type": "wrapper",
        "properties": {
          "id": "default"
        }
      },
      "shape": {
        "sm": {
          "location": {
            "x": 0,
            "y": 6
          },
          "size": {
            "width": 3,
            "height": 2
          }
        },
        "md": {
          "location": {
            "x": 0,
            "y": 2
          },
          "size": {
            "width": 5,
            "height": 2
          }
        },
        "lg": {
          "location": {
            "x": 0,
            "y": 2
          },
          "size": {
            "width": 7,
            "height": 2
          }
        }
      }
    },
    {
      "id": "aab47b49-cb10-4536-8fd5-3f41572b5d8e",
      "type": "indexer-manager",
      "properties": {},
      "area": {
        "type": "sidebar",
        "properties": {
          "location": "right"
        }
      },
      "shape": {
        "sm": {
          "location": {
            "x": 0,
            "y": 0
          },
          "size": {
            "width": 1,
            "height": 1
          }
        },
        "md": {
          "location": {
            "x": 0,
            "y": 2
          },
          "size": {
            "width": 2,
            "height": 3
          }
        },
        "lg": {
          "location": {
            "x": 0,
            "y": 5
          },
          "size": {
            "width": 2,
            "height": 3
          }
        }
      }
    },
    {
      "id": "3d19936f-8ee5-4668-9aa4-3e4c16384b84",
      "type": "torrents-status",
      "properties": {
        "displayCompletedTorrents": true,
        "displayActiveTorrents": true,
        "speedLimitOfActiveTorrents": 10,
        "displayStaleTorrents": true,
        "labelFilterIsWhitelist": true,
        "labelFilter": [],
        "displayRatioWithFilter": true,
        "columnOrdering": true,
        "rowSorting": true,
        "columns": [
          "up",
          "down",
          "eta",
          "progress"
        ],
        "nameColumnSize": 2
      },
      "area": {
        "type": "wrapper",
        "properties": {
          "id": "default"
        }
      },
      "shape": {
        "sm": {
          "location": {
            "x": 0,
            "y": 609
          },
          "size": {
            "width": 3,
            "height": 3
          }
        },
        "md": {
          "location": {
            "x": 0,
            "y": 6
          },
          "size": {
            "width": 5,
            "height": 2
          }
        },
        "lg": {
          "location": {
            "x": 0,
            "y": 0
          },
          "size": {
            "width": 7,
            "height": 2
          }
        }
      }
    },
    {
      "id": "3ce976f6-b5b0-456d-9101-2ae4c4320792",
      "type": "bookmark",
      "properties": {
        "name": "Raccourcis Importants",
        "items": [
          {
            "id": "a53912d1-96cf-43d6-b14a-600428721136",
            "name": "Plex(Windows)",
            "href": "https://www.plex.tv/fr/media-server-downloads/?cat=plex+desktop&plat=windows#plex-app",
            "iconUrl": "https://cdn.jsdelivr.net/gh/loganmarchione/homelab-svg-assets/assets/windows11.svg",
            "openNewTab": true,
            "hideHostname": true,
            "hideIcon": false
          },
          {
            "id": "b40669ef-8408-4152-a420-ebdd61592ee3",
            "name": "Plex(MacOS)",
            "href": "https://www.plex.tv/fr/media-server-downloads/?cat=plex+desktop&plat=macos#plex-app",
            "iconUrl": "https://cdn.jsdelivr.net/gh/walkxcode/dashboard-icons/svg/apple.svg",
            "openNewTab": true,
            "hideHostname": true,
            "hideIcon": false
          },
          {
            "id": "0f6c5a94-377e-4dc5-81e8-e09f22778129",
            "name": "Plex Apk(Android)",
            "href": "https://github.com/ShadesOfMoon/APKPLEXEUREKA",
            "iconUrl": "https://cdn.jsdelivr.net/gh/walkxcode/dashboard-icons/png/android-light.png",
            "openNewTab": true,
            "hideHostname": true,
            "hideIcon": false
          },
          {
            "id": "ecdb9637-5bbc-4ade-9a41-dd38af0f2ae3",
            "name": "Plex(Status)",
            "href": "https://plex.statuspage.io/",
            "iconUrl": "https://cdn.jsdelivr.net/gh/PapirusDevelopmentTeam/papirus_icons/src/apps_simple_system_monitor.svg",
            "openNewTab": false,
            "hideHostname": true,
            "hideIcon": false
          }
        ],
        "layout": "autoGrid"
      },
      "area": {
        "type": "sidebar",
        "properties": {
          "location": "left"
        }
      },
      "shape": {
        "sm": {
          "location": {
            "x": 0,
            "y": 2
          },
          "size": {
            "width": 2,
            "height": 4
          }
        },
        "md": {
          "location": {
            "x": 0,
            "y": 2
          },
          "size": {
            "width": 2,
            "height": 4
          }
        },
        "lg": {
          "location": {
            "x": 0,
            "y": 0
          },
          "size": {
            "width": 2,
            "height": 4
          }
        }
      }
    },
    {
      "id": "117a8d87-731e-4d97-94f7-ae142724dee0",
      "type": "media-requests-stats",
      "properties": {
        "replaceLinksWithExternalHost": false,
        "openInNewTab": true
      },
      "area": {
        "type": "sidebar",
        "properties": {
          "location": "right"
        }
      },
      "shape": {
        "sm": {
          "location": {
            "x": 0,
            "y": 0
          },
          "size": {
            "width": 2,
            "height": 2
          }
        },
        "md": {
          "location": {
            "x": 0,
            "y": 5
          },
          "size": {
            "width": 2,
            "height": 8
          }
        },
        "lg": {
          "location": {
            "x": 0,
            "y": 0
          },
          "size": {
            "width": 2,
            "height": 2
          }
        }
      }
    },
    {
      "id": "e3004052-6b83-480e-b458-56e8ccdca5f0",
      "type": "weather",
      "properties": {
        "displayInFahrenheit": false,
        "location": {
          "name": "Villeneuve-d'Ascq",
          "latitude": 50.61669,
          "longitude": 3.16664
        },
        "displayCityName": true,
        "displayWeekly": false,
        "forecastDays": 5
      },
      "area": {
        "type": "sidebar",
        "properties": {
          "location": "left"
        }
      },
      "shape": {
        "md": {
          "location": {
            "x": 0,
            "y": 1
          },
          "size": {
            "width": 2,
            "height": 1
          }
        },
        "sm": {
          "location": {
            "x": 0,
            "y": 1
          },
          "size": {
            "width": 2,
            "height": 1
          }
        },
        "lg": {
          "location": {
            "x": 0,
            "y": 5
          },
          "size": {
            "width": 2,
            "height": 1
          }
        }
      }
    },
    {
      "id": "51b68b56-bfc5-44c6-9cf2-9119b2e38697",
      "type": "media-server",
      "properties": {},
      "area": {
        "type": "wrapper",
        "properties": {
          "id": "default"
        }
      },
      "shape": {
        "sm": {
          "location": {
            "x": 0,
            "y": 612
          },
          "size": {
            "width": 3,
            "height": 2
          }
        },
        "md": {
          "location": {
            "x": 0,
            "y": 4
          },
          "size": {
            "width": 5,
            "height": 2
          }
        },
        "lg": {
          "location": {
            "x": 0,
            "y": 4
          },
          "size": {
            "width": 3,
            "height": 2
          }
        }
      }
    },
    {
      "id": "053894c9-ab68-49a8-a61d-8b14326873ab",
      "type": "dlspeed",
      "properties": {},
      "area": {
        "type": "sidebar",
        "properties": {
          "location": "right"
        }
      },
      "shape": {
        "sm": {
          "location": {
            "x": 0,
            "y": 0
          },
          "size": {
            "width": 2,
            "height": 2
          }
        },
        "md": {
          "location": {
            "x": 0,
            "y": 0
          },
          "size": {
            "width": 2,
            "height": 2
          }
        },
        "lg": {
          "location": {
            "x": 0,
            "y": 3
          },
          "size": {
            "width": 2,
            "height": 2
          }
        }
      }
    }
  ],
  "settings": {
    "common": {
      "searchEngine": {
        "type": "google",
        "properties": {}
      }
    },
    "customization": {
      "layout": {
        "enabledLeftSidebar": true,
        "enabledRightSidebar": true,
        "enabledDocker": false,
        "enabledPing": true,
        "enabledSearchbar": true
      },
      "pageTitle": "OrgEureka",
      "logoImageUrl": "https://i.imgur.com/xoG8Lf8.png",
      "faviconUrl": "https://i.imgur.com/xoG8Lf8.png",
      "backgroundImageUrl": "",
      "customCss": "",
      "colors": {
        "primary": "red",
        "secondary": "gray",
        "shade": 5
      },
      "appOpacity": 100,
      "gridstack": {
        "columnCountSmall": 3,
        "columnCountMedium": 5,
        "columnCountLarge": 7
      },
      "backgroundImageAttachment": "fixed",
      "backgroundImageRepeat": "no-repeat",
      "backgroundImageSize": "cover",
      "metaTitle": "OrgEureka (Portail des services Eureka)"
    },
    "access": {
      "allowGuests": false
    }
  }
}